gt_row_id,paper_id,verdict,ai_row_id,basis,confidence
gt__StudyID1__r0,001_Adekiya_2019,MATCH,001_Adekiya_2019__ai__0,"Table 6 Root weight, Biochar 25 t/ha / PM 0 / 2015 cell vs B0PM0 2015 control",high
gt__StudyID1__r1,001_Adekiya_2019,MATCH,001_Adekiya_2019__ai__1,"Table 6, Biochar 50 / PM 0 / 2015",high
gt__StudyID1__r2,001_Adekiya_2019,MATCH,001_Adekiya_2019__ai__4,"Table 6, Biochar 25 / PM 2.5 / 2015",high
gt__StudyID1__r3,001_Adekiya_2019,MATCH,001_Adekiya_2019__ai__6,"Table 6, Biochar 25 / PM 5 / 2015",high
gt__StudyID1__r4,001_Adekiya_2019,MATCH,001_Adekiya_2019__ai__5,"Table 6, Biochar 50 / PM 2.5 / 2015",high
gt__StudyID1__r5,001_Adekiya_2019,MATCH,001_Adekiya_2019__ai__7,"Table 6, Biochar 50 / PM 5 / 2015",high
gt__StudyID1__r6,001_Adekiya_2019,MATCH,001_Adekiya_2019__ai__2,"Table 6, Biochar 25 / PM 0 / 2016",high
gt__StudyID1__r7,001_Adekiya_2019,MATCH,001_Adekiya_2019__ai__3,"Table 6, Biochar 50 / PM 0 / 2016",high
gt__StudyID1__r8,001_Adekiya_2019,MATCH,001_Adekiya_2019__ai__8,"Table 6, Biochar 25 / PM 2.5 / 2016",high
gt__StudyID1__r9,001_Adekiya_2019,MATCH,001_Adekiya_2019__ai__10,"Table 6, Biochar 25 / PM 5 / 2016",high
gt__StudyID1__r10,001_Adekiya_2019,MATCH,001_Adekiya_2019__ai__9,"Table 6, Biochar 50 / PM 2.5 / 2016",high
gt__StudyID1__r11,001_Adekiya_2019,MATCH,001_Adekiya_2019__ai__11,"Table 6, Biochar 50 / PM 5 / 2016",high
gt__StudyID16__r0,016_Li_B_2016,MATCH,016_Li_B_2016__ai__1,"Table 5 season1 amaranth N0C1 (C1=20 t/ha biochar, N0)",high
gt__StudyID16__r1,016_Li_B_2016,MATCH,016_Li_B_2016__ai__2,"Table 5 season1 amaranth N0C2 (C2=40 t/ha, N0)",high
gt__StudyID16__r2,016_Li_B_2016,MATCH,016_Li_B_2016__ai__19,Table 5 season1 amaranth N1C1; N1 code (GT per-season 313 = AI annualized 1233 kg N/ha),high
gt__StudyID16__r3,016_Li_B_2016,MATCH,016_Li_B_2016__ai__20,Table 5 season1 amaranth N1C2,high
gt__StudyID16__r4,016_Li_B_2016,MATCH,016_Li_B_2016__ai__37,Table 5 season1 amaranth N2C1; N2 code (GT 417 = AI 1644),high
gt__StudyID16__r5,016_Li_B_2016,MATCH,016_Li_B_2016__ai__38,Table 5 season1 amaranth N2C2,high
gt__StudyID16__r6,016_Li_B_2016,MATCH,016_Li_B_2016__ai__3,Table 5 season2 water_spinach N0C1,high
gt__StudyID16__r7,016_Li_B_2016,MATCH,016_Li_B_2016__ai__4,Table 5 season2 water_spinach N0C2,high
gt__StudyID16__r8,016_Li_B_2016,MATCH,016_Li_B_2016__ai__21,Table 5 season2 water_spinach N1C1,high
gt__StudyID16__r9,016_Li_B_2016,MATCH,016_Li_B_2016__ai__22,Table 5 season2 water_spinach N1C2,high
gt__StudyID16__r10,016_Li_B_2016,MATCH,016_Li_B_2016__ai__39,Table 5 season2 water_spinach N2C1,high
gt__StudyID16__r11,016_Li_B_2016,MATCH,016_Li_B_2016__ai__40,Table 5 season2 water_spinach N2C2,high
gt__StudyID16__r12,016_Li_B_2016,MATCH,016_Li_B_2016__ai__5,Table 5 season3 bok_choy(=pak_choi) N0C1,high
gt__StudyID16__r13,016_Li_B_2016,MATCH,016_Li_B_2016__ai__6,Table 5 season3 bok_choy N0C2,high
gt__StudyID16__r14,016_Li_B_2016,MATCH,016_Li_B_2016__ai__23,Table 5 season3 bok_choy N1C1,high
gt__StudyID16__r15,016_Li_B_2016,MATCH,016_Li_B_2016__ai__24,Table 5 season3 bok_choy N1C2,high
gt__StudyID16__r16,016_Li_B_2016,MATCH,016_Li_B_2016__ai__41,Table 5 season3 bok_choy N2C1,high
gt__StudyID16__r17,016_Li_B_2016,MATCH,016_Li_B_2016__ai__42,Table 5 season3 bok_choy N2C2,high
gt__StudyID16__r18,016_Li_B_2016,MATCH,016_Li_B_2016__ai__11,Table 5 season6 bok_choy(=pak_choi) N0C1,high
gt__StudyID16__r19,016_Li_B_2016,MATCH,016_Li_B_2016__ai__12,Table 5 season6 bok_choy N0C2,high
gt__StudyID16__r20,016_Li_B_2016,MATCH,016_Li_B_2016__ai__29,Table 5 season6 bok_choy N1C1,high
gt__StudyID16__r21,016_Li_B_2016,MATCH,016_Li_B_2016__ai__30,Table 5 season6 bok_choy N1C2,high
gt__StudyID16__r22,016_Li_B_2016,MATCH,016_Li_B_2016__ai__47,Table 5 season6 bok_choy N2C1,high
gt__StudyID16__r23,016_Li_B_2016,MATCH,016_Li_B_2016__ai__48,Table 5 season6 bok_choy N2C2,high
gt__StudyID16__r24,016_Li_B_2016,MATCH,016_Li_B_2016__ai__13,Table 5 season7 amaranth N0C1,high
gt__StudyID16__r25,016_Li_B_2016,MATCH,016_Li_B_2016__ai__14,Table 5 season7 amaranth N0C2,high
gt__StudyID16__r26,016_Li_B_2016,MATCH,016_Li_B_2016__ai__31,Table 5 season7 amaranth N1C1,high
gt__StudyID16__r27,016_Li_B_2016,MATCH,016_Li_B_2016__ai__32,Table 5 season7 amaranth N1C2,high
gt__StudyID16__r28,016_Li_B_2016,MATCH,016_Li_B_2016__ai__49,Table 5 season7 amaranth N2C1,high
gt__StudyID16__r29,016_Li_B_2016,MATCH,016_Li_B_2016__ai__50,Table 5 season7 amaranth N2C2,high
gt__StudyID16__r30,016_Li_B_2016,MATCH,016_Li_B_2016__ai__7,Table 5 season4 coriander N0C1,high
gt__StudyID16__r31,016_Li_B_2016,MATCH,016_Li_B_2016__ai__8,Table 5 season4 coriander N0C2,high
gt__StudyID16__r32,016_Li_B_2016,MATCH,016_Li_B_2016__ai__25,Table 5 season4 coriander N1C1,high
gt__StudyID16__r33,016_Li_B_2016,MATCH,016_Li_B_2016__ai__26,Table 5 season4 coriander N1C2,high
gt__StudyID16__r34,016_Li_B_2016,MATCH,016_Li_B_2016__ai__43,Table 5 season4 coriander N2C1,high
gt__StudyID16__r35,016_Li_B_2016,MATCH,016_Li_B_2016__ai__44,Table 5 season4 coriander N2C2,high
gt__StudyID16__r36,016_Li_B_2016,MATCH,016_Li_B_2016__ai__9,Table 5 season5 water_spinach N0C1,high
gt__StudyID16__r37,016_Li_B_2016,MATCH,016_Li_B_2016__ai__10,Table 5 season5 water_spinach N0C2,high
gt__StudyID16__r38,016_Li_B_2016,MATCH,016_Li_B_2016__ai__27,Table 5 season5 water_spinach N1C1,high
gt__StudyID16__r39,016_Li_B_2016,MATCH,016_Li_B_2016__ai__28,Table 5 season5 water_spinach N1C2,high
gt__StudyID16__r40,016_Li_B_2016,MATCH,016_Li_B_2016__ai__45,Table 5 season5 water_spinach N2C1,high
gt__StudyID16__r41,016_Li_B_2016,MATCH,016_Li_B_2016__ai__46,Table 5 season5 water_spinach N2C2,high
gt__StudyID41__r0,041_Guerena_2013,MATCH,041_Guerena_2013__ai__0,"Table 2 maize grain yield 90% N, 2007, biochar 3 t/ha",high
gt__StudyID41__r1,041_Guerena_2013,MATCH,041_Guerena_2013__ai__1,"Table 2 90% N, 2007, biochar 12 t/ha",high
gt__StudyID41__r2,041_Guerena_2013,MATCH,041_Guerena_2013__ai__2,"Table 2 90% N, 2007, biochar 30 t/ha",high
gt__StudyID41__r3,041_Guerena_2013,MATCH,041_Guerena_2013__ai__4,"Table 2 90% N, 2008, biochar 3 t/ha",high
gt__StudyID41__r4,041_Guerena_2013,MATCH,041_Guerena_2013__ai__5,"Table 2 90% N, 2008, biochar 12 t/ha",high
gt__StudyID41__r5,041_Guerena_2013,MATCH,041_Guerena_2013__ai__6,"Table 2 90% N, 2008, biochar 30 t/ha",high
gt__StudyID41__r6,041_Guerena_2013,MATCH,041_Guerena_2013__ai__8,"Table 2 90% N, 2009, biochar 3 t/ha",high
gt__StudyID41__r7,041_Guerena_2013,MATCH,041_Guerena_2013__ai__9,"Table 2 90% N, 2009, biochar 12 t/ha",high
gt__StudyID41__r8,041_Guerena_2013,MATCH,041_Guerena_2013__ai__10,"Table 2 90% N, 2009, biochar 30 t/ha",high
gt__StudyID41__r9,041_Guerena_2013,MATCH,041_Guerena_2013__ai__12,"Table 2 90% N, 2010, biochar 3 t/ha",high
gt__StudyID41__r10,041_Guerena_2013,MATCH,041_Guerena_2013__ai__13,"Table 2 90% N, 2010, biochar 12 t/ha",high
gt__StudyID41__r11,041_Guerena_2013,MATCH,041_Guerena_2013__ai__14,"Table 2 90% N, 2010, biochar 30 t/ha",high
gt__StudyID63__r0,063_Asai_2009,MATCH,063_Asai_2009__ai__7,"Table 3 Exp1 HK1 Vieng No-N, biochar 4 t/ha vs control: AI__7 = HK1 Vieng No N rate 4",high
gt__StudyID63__r1,063_Asai_2009,MATCH,063_Asai_2009__ai__8,"Table 3 Exp1 HK1 Vieng No-N, biochar 8 t/ha; AI__8 = HK1 Vieng No N rate 8",high
gt__StudyID63__r2,063_Asai_2009,MATCH,063_Asai_2009__ai__9,"Table 3 Exp1 HK1 Vieng No-N, biochar 16 t/ha; AI__9 = HK1 Vieng No N rate 16",high
gt__StudyID63__r3,063_Asai_2009,MATCH,063_Asai_2009__ai__10,"Table 3 Exp1 HK1 Vieng N(50), biochar 4 t/ha; AI__10 = HK1 Vieng N(50) rate 4",high
gt__StudyID63__r4,063_Asai_2009,MATCH,063_Asai_2009__ai__11,"Table 3 Exp1 HK1 Vieng N(50), biochar 8 t/ha; AI__11 = HK1 Vieng N(50) rate 8",high
gt__StudyID63__r5,063_Asai_2009,MATCH,063_Asai_2009__ai__12,"Table 3 Exp1 HK1 Vieng N(50), biochar 16 t/ha; AI__12 = HK1 Vieng N(50) rate 16",high
gt__StudyID63__r6,063_Asai_2009,MATCH,063_Asai_2009__ai__2,"Table 3 Exp1 HK1 Apo No-N, biochar 8 t/ha; AI__2 = HK1 Apo No N rate 8",high
gt__StudyID63__r7,063_Asai_2009,MATCH,063_Asai_2009__ai__3,"Table 3 Exp1 HK1 Apo No-N, biochar 16 t/ha; AI__3 = HK1 Apo No N rate 16",high
gt__StudyID63__r8,063_Asai_2009,NO_MATCH,,"Table 3 Exp1 LO1 Vieng N(50) biochar 4; AI extracted only HK1 site cells, no LO1 rows",high
gt__StudyID63__r9,063_Asai_2009,NO_MATCH,,Table 3 Exp1 LO1 Vieng N(50) biochar 8; AI has no LO1 rows,high
gt__StudyID63__r10,063_Asai_2009,NO_MATCH,,Table 3 Exp1 LO1 Vieng N(50) biochar 16; AI has no LO1 rows,high
gt__StudyID63__r11,063_Asai_2009,NO_MATCH,,Table 3 Exp1 LO1 Apo No-N biochar 4; AI has no LO1 rows,high
gt__StudyID63__r12,063_Asai_2009,NO_MATCH,,Table 3 Exp1 LO1 Apo No-N biochar 8; AI has no LO1 rows,high
gt__StudyID63__r13,063_Asai_2009,NO_MATCH,,Table 3 Exp1 LO1 Apo No-N biochar 16; AI has no LO1 rows,high
gt__StudyID63__r14,063_Asai_2009,NO_MATCH,,Table 3 Exp1 LO1 Vieng No-N biochar 4; AI has no LO1 rows,high
gt__StudyID63__r15,063_Asai_2009,NO_MATCH,,Table 3 Exp1 LO1 Vieng No-N biochar 8; AI has no LO1 rows,high
gt__StudyID63__r16,063_Asai_2009,NO_MATCH,,Table 3 Exp1 LO1 Vieng No-N biochar 16; AI has no LO1 rows,high
gt__StudyID63__r17,063_Asai_2009,NO_MATCH,,Exp1 unresolved Exp63_5 BN biochar 4 (CK not a published Table 3 cell); AI has no matching unresolved row,high
gt__StudyID63__r21,063_Asai_2009,MATCH,063_Asai_2009__ai__4,"Table 3 Exp1 HK1 Apo N(50), biochar 4 t/ha; AI__4 = HK1 Apo N(50) rate 4",high
gt__StudyID63__r22,063_Asai_2009,MATCH,063_Asai_2009__ai__5,"Table 3 Exp1 HK1 Apo N(50), biochar 8 t/ha; AI__5 = HK1 Apo N(50) rate 8",high
gt__StudyID63__r23,063_Asai_2009,MATCH,063_Asai_2009__ai__6,"Table 3 Exp1 HK1 Apo N(50), biochar 16 t/ha; AI__6 = HK1 Apo N(50) rate 16",high
gt__StudyID63__r24,063_Asai_2009,NO_MATCH,,Table 3 Exp1 LO1 Apo N(50) biochar 4; AI has no LO1 rows,high
gt__StudyID63__r25,063_Asai_2009,NO_MATCH,,Table 3 Exp1 LO1 Apo N(50) biochar 8; AI has no LO1 rows,high
gt__StudyID63__r26,063_Asai_2009,NO_MATCH,,Table 3 Exp1 LO1 Apo N(50) biochar 16; AI has no LO1 rows,high
gt__StudyID101__exp5_r0,101_Liang_Feng_2014,MATCH,101_Liang_Feng_2014__ai__1,"Table 3 wheat pooled 4-season mean, WM-F-30 vs WM-F; both GT exp5_r0 and AI__1 are wheat/30/none/pooled documented_pooled",high
gt__StudyID101__exp5_r1,101_Liang_Feng_2014,MATCH,101_Liang_Feng_2014__ai__2,"Table 3 wheat pooled 4-season mean, WM-F-60; wheat/60/none/pooled",high
gt__StudyID101__exp5_r2,101_Liang_Feng_2014,MATCH,101_Liang_Feng_2014__ai__3,"Table 3 wheat pooled 4-season mean, WM-F-90; wheat/90/none/pooled",high
gt__StudyID101__exp10_r0,101_Liang_Feng_2014,MATCH,101_Liang_Feng_2014__ai__4,"Table 3 maize pooled 4-season mean, WM-F-30 vs WM-F; maize/30/none/pooled documented_pooled",high
gt__StudyID101__exp10_r1,101_Liang_Feng_2014,MATCH,101_Liang_Feng_2014__ai__5,"Table 3 maize pooled 4-season mean, WM-F-60; maize/60/none/pooled",high
gt__StudyID101__exp10_r2,101_Liang_Feng_2014,MATCH,101_Liang_Feng_2014__ai__6,"Table 3 maize pooled 4-season mean, WM-F-90; maize/90/none/pooled",high
gt__StudyID130__r0,130_Azeem_2019,MATCH,130_Azeem_2019__ai__1,"Table 5 GY 2013-14 Mash Bean B1F0 (5 t/ha, no fert); matches AI B1F0 mash_bean 5/none/2013. Control-token differs (GT absolute vs B0F0; AI absolute vs B0F0) consistent",high
gt__StudyID130__r1,130_Azeem_2019,MATCH,130_Azeem_2019__ai__2,"Table 5 2013-14 Mash Bean B2F0 (10 t/ha, no fert); matches AI B2F0 mash_bean 10/none/2013",high
gt__StudyID130__r2,130_Azeem_2019,MATCH,130_Azeem_2019__ai__3,Table 5 2013-14 Mash Bean B1F1 (5 t/ha + NPK); matches AI B1F1 mash_bean 5/npk/2013 (AI control B0F1 vs GT B0F0 differ but treatment cell identical),high
gt__StudyID130__r3,130_Azeem_2019,MATCH,130_Azeem_2019__ai__4,Table 5 2013-14 Mash Bean B2F1 (10 t/ha + NPK); matches AI B2F1 mash_bean 10/npk/2013,high
gt__StudyID130__r4,130_Azeem_2019,MATCH,130_Azeem_2019__ai__5,"Table 5 2013-14 Wheat B1F0 (5 t/ha, no fert); matches AI B1F0 wheat 5/none/2013",high
gt__StudyID130__r5,130_Azeem_2019,MATCH,130_Azeem_2019__ai__6,"Table 5 2013-14 Wheat B2F0 (10 t/ha, no fert); matches AI B2F0 wheat 10/none/2013",high
gt__StudyID130__r6,130_Azeem_2019,MATCH,130_Azeem_2019__ai__7,Table 5 2013-14 Wheat B1F1 (5 t/ha + NPK); matches AI B1F1 wheat 5/npk/2013,high
gt__StudyID130__r7,130_Azeem_2019,MATCH,130_Azeem_2019__ai__8,Table 5 2013-14 Wheat B2F1 (10 t/ha + NPK); matches AI B2F1 wheat 10/npk/2013,high
gt__StudyID130__r8,130_Azeem_2019,MATCH,130_Azeem_2019__ai__9,"Table 5 2014-15 Mash Bean B1F0 (5 t/ha, no fert); matches AI B1F0 mash_bean 5/none/2014",high
gt__StudyID130__r9,130_Azeem_2019,MATCH,130_Azeem_2019__ai__10,"Table 5 2014-15 Mash Bean B2F0 (10 t/ha, no fert); matches AI B2F0 mash_bean 10/none/2014",high
gt__StudyID130__r10,130_Azeem_2019,MATCH,130_Azeem_2019__ai__11,Table 5 2014-15 Mash Bean B1F1 (5 t/ha + NPK); matches AI B1F1 mash_bean 5/npk/2014,high
gt__StudyID130__r11,130_Azeem_2019,MATCH,130_Azeem_2019__ai__12,Table 5 2014-15 Mash Bean B2F1 (10 t/ha + NPK); matches AI B2F1 mash_bean 10/npk/2014,high
gt__StudyID130__r12,130_Azeem_2019,MATCH,130_Azeem_2019__ai__13,"Table 5 2014-15 Wheat B1F0 (5 t/ha, no fert); matches AI B1F0 wheat 5/none/2014",high
gt__StudyID130__r13,130_Azeem_2019,MATCH,130_Azeem_2019__ai__14,"Table 5 2014-15 Wheat B2F0 (10 t/ha, no fert); matches AI B2F0 wheat 10/none/2014",high
gt__StudyID130__r14,130_Azeem_2019,MATCH,130_Azeem_2019__ai__15,Table 5 2014-15 Wheat B1F1 (5 t/ha + NPK); matches AI B1F1 wheat 5/npk/2014,high
gt__StudyID130__r15,130_Azeem_2019,MATCH,130_Azeem_2019__ai__16,Table 5 2014-15 Wheat B2F1 (10 t/ha + NPK); matches AI B2F1 wheat 10/npk/2014,high
gt__StudyID133__r7,133_Pandit_2018,MATCH,133_Pandit_2018__ai__6,"2015 maize, 15 t/ha BC (text p1337); matches AI maize 15/2015 (text-sourced)",high
gt__StudyID133__r8,133_Pandit_2018,MATCH,133_Pandit_2018__ai__7,"2015 maize, 25 t/ha BC (text p1337); matches AI maize 25/2015 (text-sourced)",high
gt__StudyID133__r9,133_Pandit_2018,MATCH,133_Pandit_2018__ai__8,"2015 maize, 40 t/ha BC (text p1337); matches AI maize 40/2015 (text-sourced)",high
gt__StudyID145__r1,145_Omara_2020,MATCH,145_Omara_2020__ai__1,"Table 3 T5 (biochar 5 Mg/ha only), Efaw 2018; biochar=5, co=none, y2018_efaw",high
gt__StudyID145__r2,145_Omara_2020,MATCH,145_Omara_2020__ai__5,"Table 3 T6 (biochar 10 only), Efaw 2018; biochar=10, co=none, y2018_efaw",high
gt__StudyID145__r3,145_Omara_2020,MATCH,145_Omara_2020__ai__9,"Table 3 T7 (biochar 15 only), Efaw 2018; biochar=15, co=none, y2018_efaw",high
gt__StudyID145__r4,145_Omara_2020,MATCH,145_Omara_2020__ai__13,"Table 3 T8 (N50 + biochar 5), Efaw 2018; biochar=5, co=nitrogen 50, y2018_efaw (control-token differs but same treatment cell)",high
gt__StudyID145__r5,145_Omara_2020,MATCH,145_Omara_2020__ai__17,"Table 3 T9 (N100 + biochar 10), Efaw 2018; biochar=10, co=nitrogen 100, y2018_efaw",high
gt__StudyID145__r6,145_Omara_2020,MATCH,145_Omara_2020__ai__21,"Table 3 T10 (N150 + biochar 15), Efaw 2018; biochar=15, co=nitrogen 150, y2018_efaw",high
gt__StudyID145__r7,145_Omara_2020,MATCH,145_Omara_2020__ai__2,"Table 3 T5 (biochar 5 only), Efaw 2019; biochar=5, co=none, y2019_efaw",high
gt__StudyID145__r8,145_Omara_2020,MATCH,145_Omara_2020__ai__6,"Table 3 T6 (biochar 10 only), Efaw 2019; biochar=10, co=none, y2019_efaw",high
gt__StudyID145__r9,145_Omara_2020,MATCH,145_Omara_2020__ai__10,"Table 3 T7 (biochar 15 only), Efaw 2019; biochar=15, co=none, y2019_efaw",high
gt__StudyID145__r10,145_Omara_2020,MATCH,145_Omara_2020__ai__14,"Table 3 T8 (N50 + biochar 5), Efaw 2019; biochar=5, co=nitrogen 50, y2019_efaw",high
gt__StudyID145__r11,145_Omara_2020,MATCH,145_Omara_2020__ai__18,"Table 3 T9 (N100 + biochar 10), Efaw 2019; biochar=10, co=nitrogen 100, y2019_efaw",high
gt__StudyID145__r12,145_Omara_2020,MATCH,145_Omara_2020__ai__22,"Table 3 T10 (N150 + biochar 15), Efaw 2019; biochar=15, co=nitrogen 150, y2019_efaw",high
gt__StudyID145__r13,145_Omara_2020,MATCH,145_Omara_2020__ai__3,"Table 3 T5 (biochar 5 only), LCB 2018; biochar=5, co=none, y2018_lcb",high
gt__StudyID145__r14,145_Omara_2020,MATCH,145_Omara_2020__ai__7,"Table 3 T6 (biochar 10 only), LCB 2018; biochar=10, co=none, y2018_lcb",high
gt__StudyID145__r15,145_Omara_2020,MATCH,145_Omara_2020__ai__11,"Table 3 T7 (biochar 15 only), LCB 2018; biochar=15, co=none, y2018_lcb",high
gt__StudyID145__r16,145_Omara_2020,MATCH,145_Omara_2020__ai__15,"Table 3 T8 (N50 + biochar 5), LCB 2018; biochar=5, co=nitrogen 50, y2018_lcb",high
gt__StudyID145__r17,145_Omara_2020,MATCH,145_Omara_2020__ai__19,"Table 3 T9 (N100 + biochar 10), LCB 2018; biochar=10, co=nitrogen 100, y2018_lcb",high
gt__StudyID145__r18,145_Omara_2020,MATCH,145_Omara_2020__ai__23,"Table 3 T10 (N150 + biochar 15), LCB 2018; biochar=15, co=nitrogen 150, y2018_lcb",high
gt__StudyID145__r19,145_Omara_2020,MATCH,145_Omara_2020__ai__4,"Table 3 T5 (biochar 5 only), LCB 2019; biochar=5, co=none, y2019_lcb",high
gt__StudyID145__r20,145_Omara_2020,MATCH,145_Omara_2020__ai__8,"Table 3 T6 (biochar 10 only), LCB 2019; biochar=10, co=none, y2019_lcb",high
gt__StudyID145__r21,145_Omara_2020,MATCH,145_Omara_2020__ai__12,"Table 3 T7 (biochar 15 only), LCB 2019; biochar=15, co=none, y2019_lcb",high
gt__StudyID145__r22,145_Omara_2020,MATCH,145_Omara_2020__ai__16,"Table 3 T8 (N50 + biochar 5), LCB 2019; biochar=5, co=nitrogen 50, y2019_lcb",high
gt__StudyID145__r23,145_Omara_2020,MATCH,145_Omara_2020__ai__20,"Table 3 T9 (N100 + biochar 10), LCB 2019; biochar=10, co=nitrogen 100, y2019_lcb",high
gt__StudyID145__r24,145_Omara_2020,MATCH,145_Omara_2020__ai__24,"Table 3 T10 (N150 + biochar 15), LCB 2019; biochar=15, co=nitrogen 150, y2019_lcb",high
gt__StudyID153__r1,153_Wei_2022,AMBIGUOUS,153_Wei_2022__ai__1,"Table 2 rapeseed 2019 100%N+B treatment cell; same treatment cell as cofactor row r4 but control=0%N (absolute). AI extracted only one 100%N+B rapeseed-2019 row (ai__1, control=100%N), so r1 and r4 both compete for it",med
gt__StudyID153__r2,153_Wei_2022,MATCH,153_Wei_2022__ai__2,"Table 2 rapeseed 2019 85%N+B; biochar=3, co=nitrogen 85, y2019 (control-token differs: GT 0%N vs AI 100%N, but unique treatment cell)",high
gt__StudyID153__r3,153_Wei_2022,MATCH,153_Wei_2022__ai__3,"Table 2 rapeseed 2019 70%N+B; biochar=3, co=nitrogen 70, y2019",high
gt__StudyID153__r4,153_Wei_2022,AMBIGUOUS,153_Wei_2022__ai__1,"Table 2 rapeseed 2019 100%N+B vs 100%N control (cofactor_matched); exact control-token match to ai__1, but shares the AI row with absolute-control r1",med
gt__StudyID153__r5,153_Wei_2022,AMBIGUOUS,153_Wei_2022__ai__7,"Table 2 maize 2019 100%N+B treatment cell; same cell as cofactor row r8, AI extracted one row (ai__7, control=100%N)",med
gt__StudyID153__r6,153_Wei_2022,MATCH,153_Wei_2022__ai__8,"Table 2 maize 2019 85%N+B; biochar=3, co=nitrogen 85, y2019",high
gt__StudyID153__r7,153_Wei_2022,MATCH,153_Wei_2022__ai__9,"Table 2 maize 2019 70%N+B; biochar=3, co=nitrogen 70, y2019",high
gt__StudyID153__r8,153_Wei_2022,AMBIGUOUS,153_Wei_2022__ai__7,"Table 2 maize 2019 100%N+B vs 100%N control (cofactor_matched); exact control match to ai__7, shares AI row with absolute-control r5",med
gt__StudyID153__r9,153_Wei_2022,AMBIGUOUS,153_Wei_2022__ai__4,"Table 2 rapeseed 2020 100%N+B treatment cell; same cell as cofactor row r12, AI extracted one row (ai__4, control=100%N)",med
gt__StudyID153__r10,153_Wei_2022,MATCH,153_Wei_2022__ai__5,"Table 2 rapeseed 2020 85%N+B; biochar=3, co=nitrogen 85, y2020",high
gt__StudyID153__r11,153_Wei_2022,MATCH,153_Wei_2022__ai__6,"Table 2 rapeseed 2020 70%N+B; biochar=3, co=nitrogen 70, y2020",high
gt__StudyID153__r12,153_Wei_2022,AMBIGUOUS,153_Wei_2022__ai__4,"Table 2 rapeseed 2020 100%N+B vs 100%N control (cofactor_matched); exact control match to ai__4, shares AI row with absolute-control r9",med
gt__StudyID153__r13,153_Wei_2022,AMBIGUOUS,153_Wei_2022__ai__10,"Table 2 maize 2020 100%N+B treatment cell; same cell as cofactor row r16, AI extracted one row (ai__10, control=100%N)",med
gt__StudyID153__r14,153_Wei_2022,MATCH,153_Wei_2022__ai__11,"Table 2 maize 2020 85%N+B; biochar=3, co=nitrogen 85, y2020",high
gt__StudyID153__r15,153_Wei_2022,MATCH,153_Wei_2022__ai__12,"Table 2 maize 2020 70%N+B; biochar=3, co=nitrogen 70, y2020",high
gt__StudyID153__r16,153_Wei_2022,AMBIGUOUS,153_Wei_2022__ai__10,"Table 2 maize 2020 100%N+B vs 100%N control (cofactor_matched); exact control match to ai__10, shares AI row with absolute-control r13",med
gt__StudyID166__r0,166_Haefele_2011,MATCH,166_Haefele_2011__ai__1,"Table 6 IRRI 2005WS CRH vs C; 41.3 t/ha (carbonized rice husk), co=none",high
gt__StudyID166__r1,166_Haefele_2011,NO_MATCH,,"Table 6 IRRI 2005WS RH (untreated rice husk, 49.5 t/ha) vs C",high
gt__StudyID166__r2,166_Haefele_2011,MATCH,166_Haefele_2011__ai__2,"Table 6 IRRI 2005WS CRH+F vs C+F; 41.3 CRH, co=npk medium",high
gt__StudyID166__r3,166_Haefele_2011,NO_MATCH,,Table 6 IRRI 2005WS RH+F (49.5 untreated rice husk),high
gt__StudyID166__r4,166_Haefele_2011,MATCH,166_Haefele_2011__ai__17,"Table 6 Siniloan 2005WS CRH vs C; 41.3, co=none",high
gt__StudyID166__r5,166_Haefele_2011,NO_MATCH,,Table 6 Siniloan 2005WS RH (49.5),high
gt__StudyID166__r6,166_Haefele_2011,MATCH,166_Haefele_2011__ai__18,"Table 6 Siniloan 2005WS CRH+F vs C+F; 41.3, co=npk medium",high
gt__StudyID166__r7,166_Haefele_2011,NO_MATCH,,Table 6 Siniloan 2005WS RH+F (49.5),high
gt__StudyID166__r8,166_Haefele_2011,MATCH,166_Haefele_2011__ai__23,"Table 6 Ubon 2005WS CRH vs C; 41.3, co=none",high
gt__StudyID166__r9,166_Haefele_2011,NO_MATCH,,Table 6 Ubon 2005WS RH (49.5),high
gt__StudyID166__r10,166_Haefele_2011,MATCH,166_Haefele_2011__ai__24,"Table 6 Ubon 2005WS CRH+F vs C+F; 41.3, co=npk medium",high
gt__StudyID166__r11,166_Haefele_2011,NO_MATCH,,Table 6 Ubon 2005WS RH+F (49.5),high
gt__StudyID166__r12,166_Haefele_2011,MATCH,166_Haefele_2011__ai__5,"Table 6 IRRI 2006WS CRH vs C; 41.3, co=none",high
gt__StudyID166__r13,166_Haefele_2011,NO_MATCH,,Table 6 IRRI 2006WS RH (49.5),high
gt__StudyID166__r14,166_Haefele_2011,MATCH,166_Haefele_2011__ai__6,"Table 6 IRRI 2006WS CRH+F vs C+F; 41.3, co=npk medium",high
gt__StudyID166__r15,166_Haefele_2011,NO_MATCH,,Table 6 IRRI 2006WS RH+F (49.5),high
gt__StudyID166__r16,166_Haefele_2011,MATCH,166_Haefele_2011__ai__19,"Table 6 Siniloan 2007WS CRH vs C; 41.3, co=none",high
gt__StudyID166__r17,166_Haefele_2011,NO_MATCH,,Table 6 Siniloan 2007WS RH (49.5),high
gt__StudyID166__r18,166_Haefele_2011,MATCH,166_Haefele_2011__ai__20,"Table 6 Siniloan 2007WS CRH+F vs C+F; 41.3, co=npk medium",high
gt__StudyID166__r19,166_Haefele_2011,NO_MATCH,,Table 6 Siniloan 2007WS RH+F (49.5),high
gt__StudyID166__r20,166_Haefele_2011,MATCH,166_Haefele_2011__ai__25,"Table 6 Ubon 2007WS CRH vs C; 41.3, co=none",high
gt__StudyID166__r21,166_Haefele_2011,NO_MATCH,,Table 6 Ubon 2007WS RH (49.5),high
gt__StudyID166__r22,166_Haefele_2011,MATCH,166_Haefele_2011__ai__26,"Table 6 Ubon 2007WS CRH+F vs C+F; 41.3, co=npk medium",high
gt__StudyID166__r23,166_Haefele_2011,NO_MATCH,,Table 6 Ubon 2007WS RH+F (49.5),high
gt__StudyID166__r24,166_Haefele_2011,MATCH,166_Haefele_2011__ai__9,"Table 6 IRRI 2007WS CRH vs C; 41.3, co=none",high
gt__StudyID166__r25,166_Haefele_2011,NO_MATCH,,Table 6 IRRI 2007WS RH (49.5),high
gt__StudyID166__r26,166_Haefele_2011,MATCH,166_Haefele_2011__ai__10,"Table 6 IRRI 2007WS CRH+F vs C+F; 41.3, co=npk medium",high
gt__StudyID166__r27,166_Haefele_2011,NO_MATCH,,Table 6 IRRI 2007WS RH+F (49.5),high
gt__StudyID166__r28,166_Haefele_2011,NO_MATCH,,Table 6 Siniloan 2008WS CRH (41.3) vs C,high
gt__StudyID166__r29,166_Haefele_2011,NO_MATCH,,Table 6 Siniloan 2008WS RH (49.5),high
gt__StudyID166__r30,166_Haefele_2011,NO_MATCH,,Table 6 Siniloan 2008WS CRH+F (41.3),high
gt__StudyID166__r31,166_Haefele_2011,NO_MATCH,,Table 6 Siniloan 2008WS RH+F (49.5),high
gt__StudyID166__r32,166_Haefele_2011,NO_MATCH,,Table 6 Ubon 2008WS CRH (41.3) vs C,high
gt__StudyID166__r33,166_Haefele_2011,NO_MATCH,,Table 6 Ubon 2008WS RH (49.5),high
gt__StudyID166__r34,166_Haefele_2011,NO_MATCH,,Table 6 Ubon 2008WS CRH+F (41.3),high
gt__StudyID166__r35,166_Haefele_2011,NO_MATCH,,Table 6 Ubon 2008WS RH+F (49.5),high
gt__StudyID184__r0,184_Yeboah_2018,MATCH,184_Yeboah_2018__ai__1,"Table 5 2014 BN0 (15 t/ha biochar, 0 N); biochar=15, co=nitrogen 0, y2014",high
gt__StudyID184__r1,184_Yeboah_2018,NO_MATCH,,"Table 5 2014 SN50 (4.5 t/ha straw + 50 N, 0 biochar)",high
gt__StudyID184__r2,184_Yeboah_2018,NO_MATCH,,"Table 5 2014 SN100 (4.5 t/ha straw + 100 N, 0 biochar)",high
gt__StudyID184__r3,184_Yeboah_2018,MATCH,184_Yeboah_2018__ai__2,"Table 5 2014 BN50 (15 t/ha biochar + 50 N); biochar=15, co=nitrogen 50, y2014",high
gt__StudyID184__r4,184_Yeboah_2018,MATCH,184_Yeboah_2018__ai__3,"Table 5 2014 BN100 (15 t/ha biochar + 100 N); biochar=15, co=nitrogen 100, y2014",high
gt__StudyID184__r5,184_Yeboah_2018,MATCH,184_Yeboah_2018__ai__4,"Table 5 2015 BN0 (15 t/ha biochar, 0 N); biochar=15, co=nitrogen 0, y2015",high
gt__StudyID184__r6,184_Yeboah_2018,NO_MATCH,,Table 5 2015 SN50 (straw + 50 N),high
gt__StudyID184__r7,184_Yeboah_2018,NO_MATCH,,Table 5 2015 SN100 (straw + 100 N),high
gt__StudyID184__r8,184_Yeboah_2018,MATCH,184_Yeboah_2018__ai__5,"Table 5 2015 BN50 (15 t/ha biochar + 50 N); biochar=15, co=nitrogen 50, y2015",high
gt__StudyID184__r9,184_Yeboah_2018,MATCH,184_Yeboah_2018__ai__6,"Table 5 2015 BN100 (15 t/ha biochar + 100 N); biochar=15, co=nitrogen 100, y2015",high
gt__StudyID184__r10,184_Yeboah_2018,MATCH,184_Yeboah_2018__ai__7,"Table 5 2016 BN0 (15 t/ha biochar, 0 N); biochar=15, co=nitrogen 0, y2016",high
gt__StudyID184__r11,184_Yeboah_2018,NO_MATCH,,Table 5 2016 SN50 (straw + 50 N),high
gt__StudyID184__r12,184_Yeboah_2018,NO_MATCH,,Table 5 2016 SN100 (straw + 100 N),high
gt__StudyID184__r13,184_Yeboah_2018,MATCH,184_Yeboah_2018__ai__8,"Table 5 2016 BN50 (15 t/ha biochar + 50 N); biochar=15, co=nitrogen 50, y2016",high
gt__StudyID184__r14,184_Yeboah_2018,MATCH,184_Yeboah_2018__ai__9,"Table 5 2016 BN100 (15 t/ha biochar + 100 N); biochar=15, co=nitrogen 100, y2016",high
gt__StudyID193__r1354,193_Islami_2011,MATCH,193_Islami_2011__ai__1,"Table 2 maize, cassava+maize, FYM biochar 15 Mg/ha, 2009-10; co=fym_biochar, y2009",high
gt__StudyID193__r1355,193_Islami_2011,MATCH,193_Islami_2011__ai__3,"Table 2 maize, cassava+maize, cassava stem biochar 15 Mg/ha, 2009-10; co=cassava_stem_biochar, y2009",high
gt__StudyID193__r1356,193_Islami_2011,MATCH,193_Islami_2011__ai__2,"Table 2 maize, cassava+maize, FYM biochar, 2010-11; co=fym_biochar, y2010",high
gt__StudyID193__r1357,193_Islami_2011,MATCH,193_Islami_2011__ai__4,"Table 2 maize, cassava+maize, cassava stem biochar, 2010-11; co=cassava_stem_biochar, y2010",high
gt__StudyID193__r1358,193_Islami_2011,MATCH,193_Islami_2011__ai__5,"Table 2 peanut, cassava+peanuts, FYM biochar, 2009-10; co=fym_biochar, y2009",high
gt__StudyID193__r1359,193_Islami_2011,MATCH,193_Islami_2011__ai__7,"Table 2 peanut, cassava+peanuts, cassava stem biochar, 2009-10; co=cassava_stem_biochar, y2009",high
gt__StudyID193__r1360,193_Islami_2011,MATCH,193_Islami_2011__ai__6,"Table 2 peanut, cassava+peanuts, FYM biochar, 2010-11; co=fym_biochar, y2010",high
gt__StudyID193__r1361,193_Islami_2011,MATCH,193_Islami_2011__ai__8,"Table 2 peanut, cassava+peanuts, cassava stem biochar, 2010-11; co=cassava_stem_biochar, y2010",high
223_Dong_2019__gt__1,223_Dong_2019,MATCH,223_Dong_2019__ai__1,"Table 3 wheat 2015-2016, N1Ba2 (20 t/ha). Same treatment cell; GT control=N0 absolute vs AI N1 cofactor (control-token differs, cell identical)",high
223_Dong_2019__gt__2,223_Dong_2019,MATCH,223_Dong_2019__ai__2,"Table 3 wheat 2015-2016, N1Ba4 (40 t/ha)",high
223_Dong_2019__gt__3,223_Dong_2019,MATCH,223_Dong_2019__ai__3,"Table 3 wheat 2015-2016, N1Ba2f1 (30 t/ha total)",high
223_Dong_2019__gt__4,223_Dong_2019,MATCH,223_Dong_2019__ai__4,"Table 3 wheat 2015-2016, N1Ba4f2 (60 t/ha total)",high
223_Dong_2019__gt__5,223_Dong_2019,MATCH,223_Dong_2019__ai__5,"Table 3 rice 2015-2016, N1Ba2 (20 t/ha)",high
223_Dong_2019__gt__6,223_Dong_2019,MATCH,223_Dong_2019__ai__6,"Table 3 rice 2015-2016, N1Ba4 (40 t/ha)",high
223_Dong_2019__gt__7,223_Dong_2019,MATCH,223_Dong_2019__ai__7,"Table 3 rice 2015-2016, N1Ba2f1 (30 t/ha total)",high
223_Dong_2019__gt__8,223_Dong_2019,MATCH,223_Dong_2019__ai__8,"Table 3 rice 2015-2016, N1Ba4f2 (60 t/ha total)",high
223_Dong_2019__gt__9,223_Dong_2019,MATCH,223_Dong_2019__ai__9,"Table 3 wheat 2016-2017, N1Ba2 (20 t/ha)",high
223_Dong_2019__gt__10,223_Dong_2019,MATCH,223_Dong_2019__ai__10,"Table 3 wheat 2016-2017, N1Ba4 (40 t/ha)",high
223_Dong_2019__gt__11,223_Dong_2019,MATCH,223_Dong_2019__ai__11,"Table 3 wheat 2016-2017, N1Ba2f1 (30 t/ha total)",high
223_Dong_2019__gt__12,223_Dong_2019,MATCH,223_Dong_2019__ai__12,"Table 3 wheat 2016-2017, N1Ba4f2 (60 t/ha total)",high
223_Dong_2019__gt__13,223_Dong_2019,MATCH,223_Dong_2019__ai__13,"Table 3 rice 2016-2017, N1Ba2 (20 t/ha)",high
223_Dong_2019__gt__14,223_Dong_2019,MATCH,223_Dong_2019__ai__14,"Table 3 rice 2016-2017, N1Ba4 (40 t/ha)",high
223_Dong_2019__gt__15,223_Dong_2019,MATCH,223_Dong_2019__ai__15,"Table 3 rice 2016-2017, N1Ba2f1 (30 t/ha total)",high
223_Dong_2019__gt__16,223_Dong_2019,MATCH,223_Dong_2019__ai__16,"Table 3 rice 2016-2017, N1Ba4f2 (60 t/ha total)",high
gt__StudyID229__r0,229_Shi_2022,MATCH,229_Shi_2022__ai__0,"Table 3 maize 2016, C1 (5 t/ha) vs CK",high
gt__StudyID229__r1,229_Shi_2022,MATCH,229_Shi_2022__ai__1,"Table 3 maize 2016, C2 (10 t/ha) vs CK",high
gt__StudyID229__r2,229_Shi_2022,MATCH,229_Shi_2022__ai__2,"Table 3 maize 2016, C3 (20 t/ha) vs CK",high
gt__StudyID229__r3,229_Shi_2022,MATCH,229_Shi_2022__ai__3,"Table 3 wheat 2016-2017, C1 (5 t/ha) vs CK",high
gt__StudyID229__r4,229_Shi_2022,MATCH,229_Shi_2022__ai__4,"Table 3 wheat 2016-2017, C2 (10 t/ha) vs CK",high
gt__StudyID229__r5,229_Shi_2022,MATCH,229_Shi_2022__ai__5,"Table 3 wheat 2016-2017, C3 (20 t/ha) vs CK",high
gt__StudyID229__r6,229_Shi_2022,MATCH,229_Shi_2022__ai__6,"Table 3 maize 2017, C1 (5 t/ha) vs CK",high
gt__StudyID229__r7,229_Shi_2022,MATCH,229_Shi_2022__ai__7,"Table 3 maize 2017, C2 (10 t/ha) vs CK",high
gt__StudyID229__r8,229_Shi_2022,MATCH,229_Shi_2022__ai__8,"Table 3 maize 2017, C3 (20 t/ha) vs CK",high
gt__StudyID229__r9,229_Shi_2022,MATCH,229_Shi_2022__ai__9,"Table 3 wheat 2017-2018, C1 (5 t/ha) vs CK",high
gt__StudyID229__r10,229_Shi_2022,MATCH,229_Shi_2022__ai__10,"Table 3 wheat 2017-2018, C2 (10 t/ha) vs CK",high
gt__StudyID229__r11,229_Shi_2022,MATCH,229_Shi_2022__ai__11,"Table 3 wheat 2017-2018, C3 (20 t/ha) vs CK",high
gt__StudyID229__r12,229_Shi_2022,MATCH,229_Shi_2022__ai__12,"Table 3 maize 2018, C1 (5 t/ha) vs CK",high
gt__StudyID229__r13,229_Shi_2022,MATCH,229_Shi_2022__ai__13,"Table 3 maize 2018, C2 (10 t/ha) vs CK",high
gt__StudyID229__r14,229_Shi_2022,MATCH,229_Shi_2022__ai__14,"Table 3 maize 2018, C3 (20 t/ha) vs CK",high
gt__StudyID229__r15,229_Shi_2022,MATCH,229_Shi_2022__ai__15,"Table 3 wheat 2018-2019, C1 (5 t/ha) vs CK",high
gt__StudyID229__r16,229_Shi_2022,MATCH,229_Shi_2022__ai__16,"Table 3 wheat 2018-2019, C2 (10 t/ha) vs CK",high
gt__StudyID229__r17,229_Shi_2022,MATCH,229_Shi_2022__ai__17,"Table 3 wheat 2018-2019, C3 (20 t/ha) vs CK",high
gt__StudyID234__r0,234_Malik_2018,MATCH,234_Malik_2018__ai__0_grain,"Table 3 wheat grain, 2% C1 (sludge), lime 0%, vs CK; GT crop=wheat(grain) matches AI _grain row, sludge_2pct.",high
gt__StudyID234__r1,234_Malik_2018,MATCH,234_Malik_2018__ai__1_grain,"Table 3 wheat grain, 4% C1 (sludge), lime 0%, vs CK; sludge_4pct.",high
gt__StudyID234__r2,234_Malik_2018,MATCH,234_Malik_2018__ai__2_grain,"Table 3 wheat grain, 2% C2 (straw), lime 0%, vs CK; straw_2pct.",high
gt__StudyID234__r3,234_Malik_2018,MATCH,234_Malik_2018__ai__3_grain,"Table 3 wheat grain, 4% C2 (straw), lime 0%, vs CK; straw_4pct.",high
gt__StudyID234__r4,234_Malik_2018,MATCH,234_Malik_2018__ai__4_grain,"Table 3 wheat grain, 2% C1 + 50% CaO, vs CK; sludge_2pct, lime50.",high
gt__StudyID234__r5,234_Malik_2018,MATCH,234_Malik_2018__ai__5_grain,"Table 3 wheat grain, 4% C1 + 50% CaO, vs CK; sludge_4pct, lime50.",high
gt__StudyID234__r6,234_Malik_2018,MATCH,234_Malik_2018__ai__6_grain,"Table 3 wheat grain, 2% C2 + 50% CaO, vs CK; straw_2pct, lime50.",high
gt__StudyID234__r7,234_Malik_2018,MATCH,234_Malik_2018__ai__7_grain,"Table 3 wheat grain, 4% C2 + 50% CaO, vs CK; straw_4pct, lime50.",high
gt__StudyID234__r8,234_Malik_2018,MATCH,234_Malik_2018__ai__8_grain,"Table 3 wheat grain, 2% C1 + 100% CaO, vs CK; sludge_2pct, lime100.",high
gt__StudyID234__r9,234_Malik_2018,MATCH,234_Malik_2018__ai__9_grain,"Table 3 wheat grain, 4% C1 + 100% CaO, vs CK; sludge_4pct, lime100.",high
gt__StudyID234__r10,234_Malik_2018,MATCH,234_Malik_2018__ai__10_grain,"Table 3 wheat grain, 2% C2 + 100% CaO, vs CK; straw_2pct, lime100.",high
gt__StudyID234__r11,234_Malik_2018,MATCH,234_Malik_2018__ai__11_grain,"Table 3 wheat grain, 4% C2 + 100% CaO, vs CK; straw_4pct, lime100.",high
